{
    "name": "root",
    "gauges": {
        "Obelix.Policy.Entropy.mean": {
            "value": 2.1758201122283936,
            "min": 2.1758201122283936,
            "max": 2.1758201122283936,
            "count": 1
        },
        "Obelix.Policy.ExtrinsicValueEstimate.mean": {
            "value": 0.04374881833791733,
            "min": 0.04374881833791733,
            "max": 0.04374881833791733,
            "count": 1
        },
        "Obelix.Environment.EpisodeLength.mean": {
            "value": 306.8766233766234,
            "min": 306.8766233766234,
            "max": 306.8766233766234,
            "count": 1
        },
        "Obelix.Environment.CumulativeReward.mean": {
            "value": 4.1175329822611495,
            "min": 4.1175329822611495,
            "max": 4.1175329822611495,
            "count": 1
        },
        "Obelix.Policy.ExtrinsicReward.mean": {
            "value": 4.1175329822611495,
            "min": 4.1175329822611495,
            "max": 4.1175329822611495,
            "count": 1
        },
        "Obelix.Losses.ValueLoss.mean": {
            "value": 4.6522321701049805,
            "min": 4.6522321701049805,
            "max": 4.6522321701049805,
            "count": 1
        },
        "Obelix.Losses.PolicyLoss.mean": {
            "value": 0.02459343895316124,
            "min": 0.02459343895316124,
            "max": 0.02459343895316124,
            "count": 1
        },
        "Obelix.Policy.LearningRate.mean": {
            "value": 0.0002845744602382183,
            "min": 0.0002845744602382183,
            "max": 0.0002845744602382183,
            "count": 1
        },
        "Obelix.Policy.Epsilon.mean": {
            "value": 0.19485816359519958,
            "min": 0.19485816359519958,
            "max": 0.19485816359519958,
            "count": 1
        },
        "Obelix.Policy.Beta.mean": {
            "value": 0.004743421450257301,
            "min": 0.004743421450257301,
            "max": 0.004743421450257301,
            "count": 1
        },
        "Obelix.IsTraining.mean": {
            "value": 1.0,
            "min": 1.0,
            "max": 1.0,
            "count": 1
        }
    },
    "metadata": {
        "timer_format_version": "0.1.0",
        "start_time_seconds": "1602235335",
        "python_version": "3.8.1 (tags/v3.8.1:1b293b6, Dec 18 2019, 23:11:46) [MSC v.1916 64 bit (AMD64)]",
        "command_line_arguments": "C:\\Users\\David D'Haese\\AppData\\Local\\Programs\\Python\\Python38\\Scripts\\mlagents-learn --run-id Obelix_03",
        "mlagents_version": "0.20.0",
        "mlagents_envs_version": "0.20.0",
        "communication_protocol_version": "1.1.0",
        "tensorflow_version": "2.3.0",
        "numpy_version": "1.18.1",
        "end_time_seconds": "1602235483"
    },
    "total": 147.77853580000001,
    "count": 1,
    "self": 0.0029583000000172888,
    "children": {
        "run_training.setup": {
            "total": 0.024424699999999966,
            "count": 1,
            "self": 0.024424699999999966
        },
        "TrainerController.start_learning": {
            "total": 147.7511528,
            "count": 1,
            "self": 0.10977110000018797,
            "children": {
                "TrainerController._reset_env": {
                    "total": 14.2974741,
                    "count": 1,
                    "self": 14.2974741
                },
                "TrainerController.advance": {
                    "total": 130.42778069999983,
                    "count": 5292,
                    "self": 0.051085399999521997,
                    "children": {
                        "env_step": {
                            "total": 130.3766953000003,
                            "count": 5292,
                            "self": 109.45149829999993,
                            "children": {
                                "SubprocessEnvManager._take_step": {
                                    "total": 20.867473899999794,
                                    "count": 5292,
                                    "self": 0.1233805999998232,
                                    "children": {
                                        "TFPolicy.evaluate": {
                                            "total": 20.74409329999997,
                                            "count": 5292,
                                            "self": 20.74409329999997
                                        }
                                    }
                                },
                                "workers": {
                                    "total": 0.05772310000059022,
                                    "count": 5291,
                                    "self": 0.0,
                                    "children": {
                                        "worker_root": {
                                            "total": 135.5454831000001,
                                            "count": 5291,
                                            "is_parallel": true,
                                            "self": 34.48025909999987,
                                            "children": {
                                                "steps_from_proto": {
                                                    "total": 0.0008198999999997625,
                                                    "count": 1,
                                                    "is_parallel": true,
                                                    "self": 0.00024350000000339378,
                                                    "children": {
                                                        "_process_vector_observation": {
                                                            "total": 0.0005763999999963687,
                                                            "count": 6,
                                                            "is_parallel": true,
                                                            "self": 0.0005763999999963687
                                                        }
                                                    }
                                                },
                                                "UnityEnvironment.step": {
                                                    "total": 101.06440410000023,
                                                    "count": 5291,
                                                    "is_parallel": true,
                                                    "self": 0.38668669999952954,
                                                    "children": {
                                                        "UnityEnvironment._generate_step_input": {
                                                            "total": 1.3978285000003527,
                                                            "count": 5291,
                                                            "is_parallel": true,
                                                            "self": 1.3978285000003527
                                                        },
                                                        "communicator.exchange": {
                                                            "total": 95.32035929999986,
                                                            "count": 5291,
                                                            "is_parallel": true,
                                                            "self": 95.32035929999986
                                                        },
                                                        "steps_from_proto": {
                                                            "total": 3.959529600000483,