{"count":1,"self":340.8877568,"total":5262.8654504,"children":{"AgentSendState":{"count":175667,"self":13.358932,"total":79.322709,"children":{"CollectObservations":{"count":439170,"self":2.463921,"total":2.4748839,"children":{"AgentInfo.ToProto":{"count":75,"self":0.0019976,"total":0.0109629,"children":{"GenerateSensorData":{"count":75,"self":0.001983,"total":0.008965299999999999,"children":{"RayPerceptionSensor.Perceive":{"count":150,"self":0.0069822999999999994,"total":0.0069822999999999994,"children":null}}}}}}},"CollectDiscreteActionMasks":{"count":439170,"self":1.7432485999999998,"total":1.7432485999999998,"children":null},"AgentInfo.ToProto":{"count":439170,"self":5.1775056,"total":61.745644799999994,"children":{"GenerateSensorData":{"count":439170,"self":15.0257968,"total":56.5681394,"children":{"RayPerceptionSensor.Perceive":{"count":878340,"self":41.542342399999995,"total":41.5423421,"children":null}}}}}}},"DecideAction":{"count":175667,"self":4840.3111936,"total":4840.3113008,"children":null},"AgentAct":{"count":175667,"self":2.2899271999999997,"total":2.3416987,"children":{"AgentInfo.ToProto":{"count":293,"self":0.0049153999999999995,"total":0.051771399999999995,"children":{"GenerateSensorData":{"count":293,"self":0.0089827999999999991,"total":0.046855999999999995,"children":{"RayPerceptionSensor.Perceive":{"count":586,"self":0.037873199999999996,"total":0.037873199999999996,"children":null}}}}}}},"AgentInfo.ToProto":{"count":12,"self":0,"total":0.0009954,"children":{"GenerateSensorData":{"count":12,"self":0,"total":0.0009954,"children":{"RayPerceptionSensor.Perceive":{"count":24,"self":0.0009954,"total":0.0009954,"children":null}}}}}},"gauges":{"Obelix.CumulativeReward":{"count":380,"max":8.654002,"min":-6.83399,"runningAverage":2.20609426,"value":4.04000425,"weightedAverage":4.46551752}},"metadata":{"timer_format_version":"0.1.0","start_time_seconds":"1602838540","unity_version":"2019.4.10f1","command_line_arguments":"C:\\Program Files\\Unity\\Hub\\Editor\\2019.4.10f1\\Editor\\Unity.exe -projectpath C:\/quote_free\/Unity\/ML_02 -useHub -hubIPC -cloudEnvironment production -hubSessionId f9bbd740-0f8b-11eb-a60f-2bcf0f585d19 -accessToken NAEKj165U0EmpFD7XII1vyetvKS16gg6LNGOvntdfO8008f","communication_protocol_version":"1.0.0","com.unity.ml-agents_version":"1.0.5","scene_name":"Setup_01","end_time_seconds":"1602843802"}}