{"count":1,"self":465.8075136,"total":3817.6692141999997,"children":{"AgentSendState":{"count":420151,"self":26.177198399999998,"total":155.4946017,"children":{"CollectObservations":{"count":1050380,"self":4.5391704,"total":4.5551331,"children":{"AgentInfo.ToProto":{"count":100,"self":0.00097189999999999993,"total":0.0159628,"children":{"GenerateSensorData":{"count":100,"self":0.0060168999999999995,"total":0.0149909,"children":{"RayPerceptionSensor.Perceive":{"count":200,"self":0.008974,"total":0.008974,"children":null}}}}}}},"CollectDiscreteActionMasks":{"count":1050380,"self":3.4867728,"total":3.486773,"children":null},"AgentInfo.ToProto":{"count":1050380,"self":9.7365552,"total":121.27549739999999,"children":{"GenerateSensorData":{"count":1050380,"self":26.4664672,"total":111.53894179999999,"children":{"RayPerceptionSensor.Perceive":{"count":2100760,"self":85.0724736,"total":85.07247439999999,"children":null}}}}}}},"DecideAction":{"count":420151,"self":3191.7334527999997,"total":3191.7335301,"children":null},"AgentAct":{"count":420151,"self":4.518204,"total":4.6216058,"children":{"AgentInfo.ToProto":{"count":707,"self":0.0040238999999999995,"total":0.1034018,"children":{"GenerateSensorData":{"count":707,"self":0.025823699999999998,"total":0.099377899999999991,"children":{"RayPerceptionSensor.Perceive":{"count":1414,"self":0.0735542,"total":0.0735542,"children":null}}}}}}},"AgentInfo.ToProto":{"count":78,"self":0.0009976,"total":0.0109381,"children":{"GenerateSensorData":{"count":78,"self":0.0049857,"total":0.0099405,"children":{"RayPerceptionSensor.Perceive":{"count":156,"self":0.0049548,"total":0.0049548,"children":null}}}}}},"gauges":{"Obelix.CumulativeReward":{"count":885,"max":8.796999,"min":-8.291999,"runningAverage":4.252859,"value":7.38600063,"weightedAverage":6.65786362}},"metadata":{"timer_format_version":"0.1.0","start_time_seconds":"1603094715","unity_version":"2019.4.10f1","command_line_arguments":"C:\\Program Files\\Unity\\Hub\\Editor\\2019.4.10f1\\Editor\\Unity.exe -projectpath C:\/quote_free\/Unity\/ML_02 -useHub -hubIPC -cloudEnvironment production -hubSessionId b0d816f0-11d5-11eb-8981-0b36c6db31a5 -accessToken LBJ25DIJRfDGCshUE4GPuBi-tZYPc2n1goyIuF_ICI8008f","communication_protocol_version":"1.0.0","com.unity.ml-agents_version":"1.0.5","scene_name":"Setup_01","end_time_seconds":"1603098533"}}