{"count":1,"self":1172.3827199999998,"total":9171.8543837999987,"children":{"AgentSendState":{"count":1022784,"self":63.244915199999994,"total":377.7620957,"children":{"CollectObservations":{"count":2556960,"self":11.2658232,"total":11.2968032,"children":{"AgentInfo.ToProto":{"count":226,"self":0.0090674,"total":0.0309803,"children":{"GenerateSensorData":{"count":226,"self":0.0069806999999999994,"total":0.0219129,"children":{"RayPerceptionSensor.Perceive":{"count":452,"self":0.0149322,"total":0.0149322,"children":null}}}}}}},"CollectDiscreteActionMasks":{"count":2556960,"self":8.5375712,"total":8.5375716,"children":null},"AgentInfo.ToProto":{"count":2556960,"self":23.618595199999998,"total":294.68280419999996,"children":{"GenerateSensorData":{"count":2556960,"self":68.8251968,"total":271.0642084,"children":{"RayPerceptionSensor.Perceive":{"count":5113920,"self":202.2390144,"total":202.23901049999998,"children":null}}}}}}},"DecideAction":{"count":1022784,"self":7610.3131135999993,"total":7610.313133,"children":null},"AgentAct":{"count":1022784,"self":11.1051456,"total":11.2292582,"children":{"AgentInfo.ToProto":{"count":1115,"self":0.0079671999999999989,"total":0.124113,"children":{"GenerateSensorData":{"count":1115,"self":0.0358452,"total":0.1161458,"children":{"RayPerceptionSensor.Perceive":{"count":2230,"self":0.0803006,"total":0.0803006,"children":null}}}}}}},"AgentInfo.ToProto":{"count":1143,"self":0.024777,"total":0.16622019999999998,"children":{"GenerateSensorData":{"count":1143,"self":0.0416949,"total":0.1414432,"children":{"RayPerceptionSensor.Perceive":{"count":2286,"self":0.0997483,"total":0.0997483,"children":null}}}}}},"gauges":{"Obelix.CumulativeReward":{"count":2484,"max":8.799999,"min":-7.62099552,"runningAverage":5.988032,"value":8.096001,"weightedAverage":7.63495731}},"metadata":{"timer_format_version":"0.1.0","start_time_seconds":"1603099335","unity_version":"2019.4.10f1","command_line_arguments":"C:\\Program Files\\Unity\\Hub\\Editor\\2019.4.10f1\\Editor\\Unity.exe -projectpath C:\/quote_free\/Unity\/ML_02 -useHub -hubIPC -cloudEnvironment production -hubSessionId b0d816f0-11d5-11eb-8981-0b36c6db31a5 -accessToken RAb91OGlYV8y9J41kIoHy0Q_BaebR8XBL9cLLW3Z8XQ008f","communication_protocol_version":"1.0.0","com.unity.ml-agents_version":"1.0.5","scene_name":"Setup_01","end_time_seconds":"1603108507"}}