{"count":1,"self":764.34472959999994,"total":6522.5335594,"children":{"AgentSendState":{"count":620534,"self":44.158063999999996,"total":271.0764159,"children":{"CollectObservations":{"count":1551340,"self":7.9735608,"total":7.9985911,"children":{"AgentInfo.ToProto":{"count":167,"self":0.0029915,"total":0.02503,"children":{"GenerateSensorData":{"count":167,"self":0.0080009,"total":0.0220385,"children":{"RayPerceptionSensor.Perceive":{"count":334,"self":0.014037599999999999,"total":0.014037599999999999,"children":null}}}}}}},"CollectDiscreteActionMasks":{"count":1551340,"self":6.0766687999999993,"total":6.0766687999999993,"children":null},"AgentInfo.ToProto":{"count":1551340,"self":16.813193599999998,"total":212.8430918,"children":{"GenerateSensorData":{"count":1551340,"self":53.545744,"total":196.02989889999998,"children":{"RayPerceptionSensor.Perceive":{"count":3102680,"self":142.48416,"total":142.4841564,"children":null}}}}}}},"DecideAction":{"count":620534,"self":5479.350272,"total":5479.3500804999994,"children":null},"AgentAct":{"count":620534,"self":7.545036,"total":7.6292832,"children":{"AgentInfo.ToProto":{"count":616,"self":0.0089708,"total":0.084247099999999991,"children":{"GenerateSensorData":{"count":616,"self":0.0192338,"total":0.07527629999999999,"children":{"RayPerceptionSensor.Perceive":{"count":1232,"self":0.056042499999999995,"total":0.056042499999999995,"children":null}}}}}}},"AgentInfo.ToProto":{"count":810,"self":0.0189695,"total":0.1320586,"children":{"GenerateSensorData":{"count":810,"self":0.0396334,"total":0.1130891,"children":{"RayPerceptionSensor.Perceive":{"count":1620,"self":0.0734557,"total":0.0734557,"children":null}}}}}},"gauges":{"Obelix.CumulativeReward":{"count":1593,"max":8.795,"min":-11.0570383,"runningAverage":5.65838051,"value":6.981001,"weightedAverage":7.69718027}},"metadata":{"timer_format_version":"0.1.0","start_time_seconds":"1603202307","unity_version":"2019.4.10f1","command_line_arguments":"C:\\Program Files\\Unity\\Hub\\Editor\\2019.4.10f1\\Editor\\Unity.exe -projectpath C:\/quote_free\/Unity\/ML_02 -useHub -hubIPC -cloudEnvironment production -hubSessionId e9af3600-1236-11eb-8abe-9fa8dd53c08c -accessToken 4rJC2V8y-TsIb6zvB1Ir-vXcA-EBUCyvjCQlZjGzh4o008f","communication_protocol_version":"1.0.0","com.unity.ml-agents_version":"1.0.5","scene_name":"Setup_01","end_time_seconds":"1603208830"}}