{
    "name": "root",
    "gauges": {
        "Obelix.Policy.Entropy.mean": {
            "value": 2.1679742336273193,
            "min": 2.1679742336273193,
            "max": 2.1679742336273193,
            "count": 1
        },
        "Obelix.Policy.ExtrinsicValueEstimate.mean": {
            "value": -0.07009878009557724,
            "min": -0.07009878009557724,
            "max": -0.07009878009557724,
            "count": 1
        },
        "Obelix.Environment.EpisodeLength.mean": {
            "value": 346.31468531468533,
            "min": 346.31468531468533,
            "max": 346.31468531468533,
            "count": 1
        },
        "Obelix.Environment.CumulativeReward.mean": {
            "value": 6.716084487163103,
            "min": 6.716084487163103,
            "max": 6.716084487163103,
            "count": 1
        },
        "Obelix.Policy.ExtrinsicReward.mean": {
            "value": 6.716084487163103,
            "min": 6.716084487163103,
            "max": 6.716084487163103,
            "count": 1
        },
        "Obelix.Losses.ValueLoss.mean": {
            "value": 4.397299766540527,
            "min": 4.397299766540527,
            "max": 4.397299766540527,
            "count": 1
        },
        "Obelix.Losses.PolicyLoss.mean": {
            "value": 0.026565447449684143,
            "min": 0.026565447449684143,
            "max": 0.026565447449684143,
            "count": 1
        },
        "Obelix.Policy.LearningRate.mean": {
            "value": 0.00028457073494791985,
            "min": 0.00028457073494791985,
            "max": 0.00028457073494791985,
            "count": 1
        },
        "Obelix.Policy.Epsilon.mean": {
            "value": 0.1948569267988205,
            "min": 0.1948569267988205,
            "max": 0.1948569267988205,
            "count": 1
        },
        "Obelix.Policy.Beta.mean": {
            "value": 0.004743359051644802,
            "min": 0.004743359051644802,
            "max": 0.004743359051644802,
            "count": 1
        },
        "Obelix.IsTraining.mean": {
            "value": 1.0,
            "min": 1.0,
            "max": 1.0,
            "count": 1
        }
    },
    "metadata": {
        "timer_format_version": "0.1.0",
        "start_time_seconds": "1601967277",
        "python_version": "3.8.1 (tags/v3.8.1:1b293b6, Dec 18 2019, 23:11:46) [MSC v.1916 64 bit (AMD64)]",
        "command_line_arguments": "C:\\Users\\David D'Haese\\AppData\\Local\\Programs\\Python\\Python38\\Scripts\\mlagents-learn --run-id Obelix_02",
        "mlagents_version": "0.20.0",
        "mlagents_envs_version": "0.20.0",
        "communication_protocol_version": "1.1.0",
        "tensorflow_version": "2.3.0",
        "numpy_version": "1.18.1",
        "end_time_seconds": "1601967860"
    },
    "total": 582.6874042000001,
    "count": 1,
    "self": 0.003275000000030559,
    "children": {
        "run_training.setup": {
            "total": 0.03220579999999984,
            "count": 1,
            "self": 0.03220579999999984
        },
        "TrainerController.start_learning": {
            "total": 582.6519234,
            "count": 1,
            "self": 1.214294300011261,
            "children": {
                "TrainerController._reset_env": {
                    "total": 11.886974200000001,
                    "count": 1,
                    "self": 11.886974200000001
                },
                "TrainerController.advance": {
                    "total": 566.5040367999887,
                    "count": 57947,
                    "self": 0.5706112999802144,
                    "children": {
                        "env_step": {
                            "total": 565.9334255000085,
                            "count": 57947,
                            "self": 383.90641300001266,
                            "children": {
                                "SubprocessEnvManager._take_step": {
                                    "total": 181.41808889999902,
                                    "count": 57947,
                                    "self": 1.065337999995819,
                                    "children": {
                                        "TFPolicy.evaluate": {
                                            "total": 180.3527509000032,
                                            "count": 57813,
                                            "self": 180.3527509000032
                                        }
                                    }
                                },
                                "workers": {
                                    "total": 0.6089235999968103,
                                    "count": 57946,
                                    "self": 0.0,
                                    "children": {
                                        "worker_root": {
                                            "total": 570.0105908000061,
                                            "count": 57946,
                                            "is_parallel": true,
                                            "self": 246.69542140001238,
                                            "children": {
                                                "steps_from_proto": {
                                                    "total": 0.0023866000000003496,
                                                    "count": 1,
                                                    "is_parallel": true,
                                                    "self": 0.00016760000000193287,
                                                    "children": {
                                                        "_process_vector_observation": {
                                                            "total": 0.0022189999999984167,
                                                            "count": 6,
                                                            "is_parallel": true,
                                                            "self": 0.0022189999999984167
                                                        }
                                                    }
                                                },
                                                "UnityEnvironment.step": {
                                                    "total": 323.31278279999367,
                                                    "count": 57946,
                                                    "is_parallel": true,
                                                    "self": 3.032956099998671,
                                                    "children": {
                                                        "UnityEnvironment._generate_step_input": {
                                                            "total": 5.5420163000047395,
                                                            "count": 57946,
                                                            "is_parallel": true,
                                                            "self": 5.5420163000047395
                                                        },
                                                        "communicator.exchange": {
                                                            "total": 295.4321651999962,
                                                            "count": 57946,
                                                            "is_parallel": true,
                                                            "self": 295.4321651999962
                                                        },
                                                        "steps_from_proto": {
                                                            "total": 19.305645199994125,